Leonard Greene,Software Developer
Edward Ray,UX Developer
Ozell Coats,UX Developer
Jesse Stewart,Accountant
Tammara Farley,UX Developer
Sharon Howard,Software Developer
Sheron Barbee,UX Developer
Belva Irvine,UX Developer
Rogelio Nichols,Business Analysts
Meghan Payne,Business Analysts
Lester Freeman,Software Developer
Darryl Johnson,Manager
Latonia Stacy,Software Developer
Michelle Walker,Designer
Charise Westbrook,Software Developer
Ayana Mattox,Accountant
Nanci Davison,UX Developer
Maritza Warden,Business Analysts
Tomoko Shipp,Business Analysts
Irene Harris,Accountant
Chi Paine,Software Developer
Arthur Young,Business Analysts
Polly Russ,UX Developer
Jeremy Ward,UX Developer
Carolyn Hughes,UX Developer
Bettyann Odell,Designer
Shiloh Comer,Manager
Mark Gonzalez,Business Analysts
Janet Moore,Business Analysts
Jettie Pearce,Software Developer
Treva Greenlee,Software Developer
Martha Jones,Accountant
Kenda Conger,Software Developer
Chae Hermann,Software Developer
Cindi Shin,Software Developer
Annie Reed,Accountant
Jason Cain,Software Developer
Francis Reyes,Accountant
Eric Bryant,Manager
Diane Long,Designer
Carl Torres,UX Developer
Sherril Martel,Software Developer
Danita Kenney,UX Developer
Joslyn Armstead,UX Developer
Kathi Thibodeaux,Accountant
Ollie Pina,Manager
Timmy Jennings,Designer
Jillian Babin,Software Developer
Robbi Ybarra,Software Developer
Sherryl Escamilla,UX Developer
Lois Porter,UX Developer
Sunshine Rousseau,Software Developer
Guy Mcbride,UX Developer
Willie Baker,Software Developer
Leslie Foster,UX Developer
Shaun Thompson,Business Analysts
Ron Jensen,Software Developer
Oleta Whyte,Manager
Norma James,UX Developer
Buford Kelsey,UX Developer
Albert Jackson,Designer
Corey Longoria,UX Developer
Mildred Cook,UX Developer
Nicholas Hernandez,Designer
Herb Sparkman,Business Analysts
William Martin,Software Developer
Marcene Wesley,Software Developer
Aiko Burris,UX Developer
Chu Solano,Designer
Rose Jenkins,Software Developer
Sheena Rico,Designer
Walter Sanchez,Designer
Alan Hall,UX Developer
Cecilia Gardner,Business Analysts
Gregory Blake,Software Developer
Leanne Douglass,Accountant
Roderick Ramsey,UX Developer
Letisha Dejesus,Manager
Jerry Swann,Software Developer
Adam Adams,UX Developer
Benton Duffy,Business Analysts
Cary Cloud,Software Developer
Ping Rayburn,Software Developer
Jeanetta Cabral,Manager
Carlos Brown,Designer
Leisha Bertrand,Manager
Diamond Krebs,Manager
Paula Allen,UX Developer
Rhonda Duncan,UX Developer
Dewey Roberts,Software Developer
Shante Webber,Business Analysts
Paul Lee,Software Developer
Charles Sanders,Accountant
Patricia Martinez,Software Developer
Christel Salisbury,Accountant
Corey Cline,UX Developer
Amos Greer,UX Developer
Hannelore Swank,Software Developer
Sidney Butler,Software Developer
Lashell Sage,Business Analysts
Regina Boyd,Designer
Samuel Scott,Software Developer
Angelina Hoffman,Designer
Lauren Riddick,UX Developer
Elana Tomlin,Software Developer
Madie Snowden,Manager
Faustino Kurtz,Software Developer
Louise Coleman,Designer
Lyndia Mclemore,UX Developer
Debra Williams,Accountant
Tanya Torres,Software Developer
Bobby Sanders,UX Developer
Maisie Allan,Software Developer
Manda Chatman,Business Analysts
Shirley Williams,Designer
Brigid Creech,Manager
Sanda Gough,Accountant
Lani Mackey,Software Developer
Lydia Pope,Accountant
Tameika Pitt,UX Developer
Tonya Garza,Business Analysts
Jaime Tran,UX Developer
Al Nelson,Manager
Isa Doty,Business Analysts
Angla Bader,Software Developer
Marleen Mabe,Manager
Jack Bailey,Manager
Mary Westmoreland,Software Developer
Phylicia Seals,Business Analysts
Donald Wood,Software Developer
Tina Jenkins,UX Developer
Helena Gilliland,UX Developer
Leonard Logan,UX Developer
Nam Quiroz,Designer
Rose Adams,Business Analysts
Raleigh Nagel,Manager
Dalila Fishman,UX Developer
Bailey Coker,Software Developer
Doris Nelson,UX Developer
Tina Hughes,Business Analysts
Towanda Barr,Accountant
Dana Jensen,Designer
Nicolasa Kaminski,UX Developer
Judy Price,Designer
Erik Thornton,Software Developer
Felicia Conner,Business Analysts
Louis Powell,Accountant
Matthew Evans,Designer
Tamra Beaver,Software Developer
Luke Daniels,Manager
Delia Flowers,Business Analysts
Darla Chapman,Software Developer
Rachell Mcfarlane,Software Developer
Jose Murphy,Business Analysts
Jonathan Clark,Software Developer
Karen Patterson,Accountant
Edward Barger,Software Developer
Kyle Jenkins,UX Developer
Cristobal Mosher,Manager
Rudy Pack,Software Developer
Verdell Anthony,Accountant
Jolene Guffey,Software Developer
Elenor Woodcock,Software Developer
Evelyn Taylor,Software Developer
Bobby Hill,Software Developer
Catherine Ramirez,UX Developer
Irish Nevarez,UX Developer
Verline Dias,Manager
Diane Thomas,Business Analysts
Vashti Wesley,Designer
Jo Buchanan,Manager
Halina Lugo,Business Analysts
Sharon Carter,Accountant
Lonny Warden,Software Developer
Billy Howard,Manager
Suzette Furr,Software Developer
Markita Riddle,UX Developer
Anthony Robinson,UX Developer
Reda Medlock,Manager
Winfred Baines,Manager
Joan Price,Manager
Chantelle Kang,Manager
Jennifer Gonzalez,Software Developer
Lisa West,Software Developer
Benjamin Washington,Designer
In Stockton,Software Developer
Charlene Flowers,UX Developer
Shanna Bradshaw,Software Developer
Dave Klein,UX Developer
Kecia Cornett,UX Developer
Gloria Long,Software Developer
Lashawna Battaglia,Software Developer
Prudence Lund,Designer
Nancy Hines,Software Developer
Jesse Alexander,Business Analysts
Elisha Moseley,UX Developer
Chau Turpin,UX Developer
Katrina Christensen,UX Developer
Drew Mckenzie,Business Analysts
Merle Wilkerson,Business Analysts
Trent Kilgore,Software Developer
Rena David,Accountant
Gennie Velazquez,Software Developer
Richard Green,UX Developer
Melia Moye,UX Developer
Cherilyn Eastman,Manager
Lillian Wright,UX Developer
Arminda Kohl,UX Developer
Mamie Robertson,Accountant
Adelia Beals,Software Developer
Iraida Fries,Software Developer
Robbie Kunz,Manager
Ronald Harmon,UX Developer
Murray Boss,Accountant
Siu Carl,Software Developer
Angelita Brinkman,Accountant
Randy Perry,Software Developer
Steve Bennett,Manager
Zenobia Sales,Software Developer
Janice Morris,Manager
Tommie Lara,UX Developer
Dorothy Phillips,UX Developer
Theressa Belton,Manager
Alysa Fortin,Manager
Sarah Watson,UX Developer
Debra Hernandez,Software Developer
Lois Kelly,Software Developer
Janice Ward,Software Developer
Latosha Pennington,UX Developer
Royal Benavides,Software Developer
Bailey Beard,Manager
James Douglas,Software Developer
John Johnson,Software Developer
Leo Barnes,Software Developer
Rosena Mcclure,Software Developer
Haydee Varney,Business Analysts
Evelyn Scott,Software Developer
Machelle Shelby,Manager
Hellen Clements,UX Developer
Verna Valdez,UX Developer
Eulah Stoddard,Business Analysts
Ernest Wright,Software Developer
Dave Reeves,Software Developer
Raymonde Demarco,Accountant
Tyler Parks,Software Developer
Cynthia Anderson,Software Developer
Logan Thao,Manager
Celesta Jefferies,Software Developer
Freddie Kuntz,Software Developer
Mildred Mitchell,UX Developer
Ben Pittman,Software Developer
Maryanna Spangler,Software Developer
Susie Castro,UX Developer
Brandon Barnes,Accountant
William Cooper,Designer
Ann Bennett,Manager
Cary Austin,Software Developer
Rogelio Mcguire,Software Developer
Margaret Henderson,Business Analysts
Eddie Montgomery,Designer
Samatha Sibley,Manager
Iris Reid,Software Developer
Rebecca Martinez,Software Developer
Trinidad Strong,UX Developer
Lillian Gray,Software Developer
Rosanne Salley,Accountant
Thurman Humphreys,Software Developer
Marjorie Mendez,Software Developer
Claude Deaton,UX Developer
Harry Campbell,Manager
Lucille Patton,Accountant
Winfred Isaac,Business Analysts
Shannon Ray,Business Analysts
Russell Hughes,Software Developer
Tarah Upshaw,Designer
Diana Lawson,Manager
May Mack,UX Developer
Donna Butler,Software Developer
Betty King,Designer
Patsy Collier,Software Developer
Denita Andrew,Manager
Vicky Fowler,Accountant
Maggie Jimenez,Business Analysts
Paul Cox,Designer
Isobel Caron,Accountant
Barbara Thomas,Software Developer
Wayne Evans,Accountant
Kim Berry,Software Developer
Jacqui Totten,Designer
Anthony Cooper,Software Developer
Emily Marshall,Software Developer
Zoe Colby,Software Developer
Dagmar Lira,Software Developer
James Johnson,Manager
Cicely Vanmeter,Software Developer
Oralee Vandyke,Business Analysts
Shannon Carlson,UX Developer
Samuel Bell,Software Developer
Barry Phillips,UX Developer
Sara Rodriguez,UX Developer
Sidney Little,Software Developer
Onita Street,Software Developer
Perry Kilgore,Business Analysts
Janell Souza,Accountant
Jasmine Daniel,Software Developer
Helen Peterson,Business Analysts
Irina Redmon,UX Developer
Ashton Peyton,Software Developer
Quincy Posey,Designer
Christina Richardson,Accountant
Helen Dean,Software Developer
Marianne Shelton,Software Developer
Karina Cartwright,Manager
Clorinda Talley,Manager
Jackqueline Trask,Software Developer
Frieda Blackman,Manager
Julianna Peak,Software Developer
Lori Henderson,Business Analysts
Cheryl Sanchez,UX Developer
Adalberto Hamlin,Manager
Trena Sears,Software Developer
Sophia Barrett,Manager
Kourtney Shay,Manager
Arlean Couch,Designer
Wilhemina Fournier,UX Developer
Sarah Griffin,UX Developer
Audrey Miles,UX Developer
Linda Cook,Business Analysts
Peter Gray,Designer
Randi Zeller,UX Developer
Opal Lee,UX Developer
Catherine Smith,UX Developer
Leena Henning,Software Developer
Felton Tolliver,Software Developer
Dorothy Rivera,Software Developer
Paul Matthews,UX Developer
Robin Gutierrez,Software Developer
Homer Vargas,Software Developer
Noelle Earls,Manager
Jean Hogan,Manager
Heather Allen,Software Developer
Constance Shelton,Software Developer
Brian Wilson,Business Analysts
Gerald Campbell,UX Developer
Arleen Gold,Software Developer
Phillip White,Designer
Merrill Lira,Accountant
Joshua Diaz,Business Analysts
Hallie Ripley,Manager
Esperanza Schmitt,Business Analysts
Erna Corcoran,UX Developer
Justin Bryant,Software Developer
Elfriede Magana,Manager
Elias Webb,Accountant
Jennifer Miller,Business Analysts
Cameron Oliver,Business Analysts
Cleveland Donohue,Manager
Lynette Spencer,UX Developer
Damon Hammond,Software Developer
Mattie Pena,Software Developer
Siu Carnes,Designer
Nelia Werner,Designer
Errol Turley,Manager
Eloise Hamilton,Software Developer
Peter Lopez,UX Developer
Irena Schreiber,Software Developer
Willie Thompson,UX Developer
Diana Rogers,Business Analysts
Kenneth Simmons,UX Developer
Pamala Mcqueen,Manager
Linn Odom,Software Developer
Lola Long,Manager
Billie Dowling,Accountant
Hui Osteen,UX Developer
Gaye Gracia,Manager
Bethany Dunn,Designer
Susan Foster,Designer
Melvin Graves,Software Developer
Carmelia Bull,Software Developer
Steve Romero,Accountant
Margaret White,Software Developer
Fred Patterson,Software Developer
Nu Yanez,UX Developer
Cleopatra Chin,Manager
Wei Nettles,Designer
Ashlee Rosado,Software Developer
Evelyn Gonzales,Designer
David Blanchette,Manager
Jeanette Brooks,Software Developer
Lori Jones,UX Developer
Lauri Hornsby,Accountant
Juana Paul,Accountant
Louise Richardson,Designer
Usha Penny,Business Analysts
Edward Steward,Manager
Jose Ross,Software Developer
Myrtis Mccormack,Software Developer
Stephen Simmons,Designer
Collen Foss,Designer
Beryl Noble,Business Analysts
Ruth Green,Business Analysts
Yu Hawley,Accountant
Stanley Fisher,Manager
Pat George,UX Developer
Roselia Crook,Software Developer
Nicholas Wagner,UX Developer
Nicholas Bell,Software Developer
Lanie Oreilly,Software Developer
Guy Delgado,Software Developer
Karlene Joiner,UX Developer
Vinita Snowden,UX Developer
Adaline Leigh,Software Developer
Victor Reynolds,Manager
Lori Webster,Accountant
Santiago Williamson,Manager
Jason Washington,Software Developer
Christopher Stewart,Manager
Rana Chisholm,Software Developer
Deborah Hill,Designer
Alyson Mclain,UX Developer
Tana Marlowe,Business Analysts
Jane Wood,Software Developer
Ryan Martin,UX Developer
Bernarda Isbell,Manager
Anne Lewis,Designer
Milan Espinoza,Software Developer
Dean Morales,UX Developer
Tammy Evans,UX Developer
Chris Bailey,Software Developer
Benny Maldonado,Manager
Nancy Phillips,Business Analysts
Ayako Robins,UX Developer
Katherine Roberts,Software Developer
Xochitl Crowe,Software Developer
Tyesha Durr,Designer
Jacqueline Carter,Software Developer
Cheryl Butler,Manager
Valentine Ives,UX Developer
Kallie Riggins,Software Developer
Rose Riley,UX Developer
Claire Sanders,Software Developer
Terrance Bowers,Software Developer
Aura Aragon,Designer
Jackie Alvarado,Software Developer
Kerry Hicks,Software Developer
Eleanor Chavez,Accountant
Lillie Cummings,Software Developer
Lashon Doherty,Manager
Lydia Green,Software Developer
Marianela Whitt,Manager
George Rogers,Business Analysts
Augustine Proffitt,Software Developer
Julia Morgan,Business Analysts
Kelly Flores,UX Developer
My Darling,Accountant
Paul Allen,Software Developer
Barbara Foster,Software Developer
Brent Harmon,Designer
Joan Rodriguez,Software Developer
Lashawna Tilley,Manager
Karie Renner,Designer
Michelle Jackson,UX Developer
Missy Kellogg,UX Developer
David Barnes,UX Developer
Yi Aquino,Software Developer
Heather Anderson,Software Developer
Hildegarde Southard,Accountant
Adam Damico,UX Developer
Jacqueline Taylor,Accountant
Tomas Fuller,Software Developer
Patsy Barber,Software Developer
Candice Craig,Software Developer
Danielle Hodges,Business Analysts
Rob Getz,UX Developer
Sophie Sims,Business Analysts
Jose Mills,Manager
Hannah Ortega,UX Developer
Alisia Tuttle,UX Developer
Ralph Griffin,Accountant
Jerry Nelson,Accountant
Dorthey Freed,Software Developer
Edward Allison,Manager
Jacqueline Kim,UX Developer
Krystal Henry,UX Developer
Cary Sharkey,UX Developer
Terry Patterson,UX Developer
Alberto Patton,UX Developer
Lauren Fernandez,Designer
Kandis Merchant,Software Developer
Wade Nichols,Manager
Jack Gibson,UX Developer
Henry Berefits,Software Developer
Shawn Brooks,Manager
Virginia Morris,Business Analysts
Yuri Shively,UX Developer
Luther Stokes,Manager
Ted Walton,Manager
Erma Hansen,Software Developer
Wilfred Sharp,Software Developer
Aubrey Walters,UX Developer
Celsa Cousins,Designer
Kathryn James,UX Developer
Gilberto Aguilar,UX Developer
Phyllis Mitchell,UX Developer
Felipe Sherman,UX Developer
Roberto Hudson,Software Developer
Linnea Vinson,Manager
Carol Hall,Manager
Jordan Thornton,Manager
Ramon Weber,Business Analysts
Maurine Marcum,Business Analysts
Jimmy Cox,Software Developer
Diego Wooten,UX Developer
Marshall Henderson,Software Developer
Dion Rosado,Designer
Larry Edwards,Manager
Arden Brower,UX Developer
Marc Sanders,Software Developer
Walter Martin,Software Developer
Ruth Baker,Designer
Susan Scott,UX Developer
Lawrence Moore,Accountant
Ryan Powell,Software Developer
Malia Perryman,Accountant
Lila Waters,Software Developer
Lance Reese,Business Analysts
Ella Porter,Software Developer
Pamela Perez,Manager
Joie Masterson,Designer
Felisha Sturgill,Designer
Phillip Price,UX Developer
Dallas Tucker,Software Developer
Veta Olmstead,Software Developer
Johnny Lee,UX Developer
Shawn Garcia,Accountant
Mi Michaels,Designer
Inez Mendoza,Software Developer
Ignacia Rounds,Business Analysts
Joyce Young,Software Developer
Craig Thompson,Software Developer
Aurea Paige,Business Analysts
Reita Sauer,Software Developer
Melvin Richardson,Designer
Mi Guerin,Designer
Young Pettis,Manager
Richard Perez,Software Developer
Roy Edwards,Software Developer
Andrea Gonzales,Software Developer
Gerald Alexander,Software Developer
Alfred Figueroa,Business Analysts
Wanda Reed,UX Developer
Melissa Rowe,Accountant
Sara Russell,Software Developer
Beulah Vega,Business Analysts
Synthia Hendrickson,Software Developer
Joan Parker,Software Developer
Livia Rubio,Software Developer
Nola Troy,Business Analysts
Andrea Wilson,Manager
Gerald Garner,Software Developer
Joy Schwartz,Designer
Karen Brooks,Accountant
Branda Emanuel,Software Developer
Maryland Bozeman,UX Developer
Chris Francis,Software Developer
Joe Adkins,UX Developer
Mariko Pham,Accountant
Janet Watson,Software Developer
Ethel Griffin,Software Developer
Aileen Isom,Manager
Adelia Larue,UX Developer
Karlyn Bair,Business Analysts
Lenita Isaacson,Accountant
Alvin Bell,Manager
Buffy Mcmillian,UX Developer
Bryant Underwood,Accountant
Norma Garcia,Software Developer
Patrica Perales,Software Developer
Jonathan Warner,Accountant
Clark Rice,UX Developer
Daryl Staley,Manager
Robin Miller,UX Developer
Alethea Dunbar,Software Developer
David Russell,Software Developer
Amy Peterson,Business Analysts
Daniel Clark,Software Developer
Alma Marsh,Software Developer
Harold Davis,Software Developer
Malka Dangelo,Business Analysts
Val Pollack,UX Developer
Roger Harris,Software Developer
Anna Murphy,Business Analysts
Betty Guzman,Designer
Jana Simon,UX Developer
Karisa Bedford,Software Developer
Toni Schmidt,UX Developer
Randal Stevens,Accountant
Velia Robb,Software Developer
Hannah Hanson,UX Developer
Millard Sellers,Accountant
Shirley Collins,Software Developer
Rhonda Warren,Software Developer
Alan Barker,Software Developer
Reiko Blais,Software Developer
Margarete Amato,Accountant
Darci Ogle,UX Developer
Hazel Mcdonald,Software Developer
Keith Hill,UX Developer
Cyril Harkins,UX Developer
Christie Hicks,Software Developer
Emilio Glover,Manager
Joana Scarbrough,Software Developer
Benjamin Palmer,UX Developer
Raul Meyer,Business Analysts
Van Gage,UX Developer
Howard Coleman,Software Developer
Nancy King,Designer
Russell Hopes,Designer
Bonnie Rivera,UX Developer
Theo Gould,Business Analysts
Elana Trent,Accountant
Philip Washington,Designer
Michael Brown,Manager
Sherika Will,UX Developer
Juliette Cerda,Software Developer
Loreta Kiser,UX Developer
Tammy Diaz,Software Developer
Irmgard Maxey,Business Analysts
Geraldine Horton,Manager
Casey Padilla,Business Analysts
Louis Ford,Accountant
Mellissa Bruno,Software Developer
Dusti Sage,Software Developer
Tammie Luther,Software Developer
Delores Holt,Designer
Claude Shultz,Software Developer
Joshua Parker,Business Analysts
Sammy Morgan,Software Developer
Pam Hunter,Designer
Ashley Davis,Software Developer
Lakisha Joe,Designer
Wilbur Maxwell,UX Developer
Berenice Neville,Designer
Phyllis Perry,Designer
Carole Fisher,Designer
Matthew Robinson,Software Developer
Colette Bohannon,Software Developer
Krysten Crandall,UX Developer
Bertha Miller,Manager
Patricia Hancock,Designer
Jeremiah Stanley,Designer
Sommer Cummins,Software Developer
Neva Romeo,Software Developer
Garry Lane,UX Developer
Raquel Hernandez,Software Developer
Kathryn Ross,Manager
Gary Thompson,Accountant
Madlyn Dale,Software Developer
Hwa Sutter,Business Analysts
Sandra Norton,Software Developer
Ronald Turner,Designer
Maryjo Shackelford,Software Developer
Albert Holland,UX Developer
Gerard Brown,Manager
Apolonia Gary,UX Developer
Linda Cooper,UX Developer
Floretta Settle,Software Developer
Maranda Hoyt,Business Analysts
Yuriko Corral,Software Developer
Sandra Walker,Manager
Leia Oliphant,Software Developer
Elsa Goodman,Manager
Albert Briggs,Accountant
Stephanie Torres,UX Developer
Carisa Gallant,Business Analysts
Gene Powell,Software Developer
Fleta Hewitt,UX Developer
Elfreda Kong,Software Developer
Ronnie Lloyd,Accountant
Leslie Gonzales,Software Developer
Thaddeus Mcclanahan,Software Developer
Denise Lopez,Software Developer
Kathrine Stitt,Manager
Albert Flores,Software Developer
Estefana Gallant,UX Developer
Madelyn Knowlton,Software Developer
Ying Bustamante,Software Developer
Teresa Miller,Accountant
Chet Pinto,UX Developer
Muoi Boyle,Manager
Edward Turner,Software Developer
Louis Roberts,Accountant
Rolf Langdon,Manager
Donald Smith,Software Developer
Olimpia Choate,Designer
Julia Collins,Designer
Ruby Ramirez,Software Developer
Denise Morgan,UX Developer
